"","chr","pos"
"{4394419}","1",0
"{1129036}","1",4.00742177249715
"{1013527, 5412113*, 5411280, 4394941, 3942105, 4989265}","1",4.2671900916385
"{4538720, 1109417}","1",4.26719509163925
"{7336092*, 3023749, 3947903*}","1",4.86945012764726
"{3958903}","1",5.47097166652611
"{1131892, 997691*, 2278338, 1007077*, 7336092}","1",5.47097666652686
"{4010074}","1",5.47098166652761
"{993265}","1",5.86945170025653
"{1116874}","1",5.86945670025728
"{1074925}","1",5.86946170025804
"{989276}","1",6.26786103255472
"{1285556}","1",6.26786603255547
"{3958149, 4664017, 1000928*, 1007201*, 3024292, 4004402, 3064386*, 1056555, 1104400, 4536643, 1008537, 1112159, 1121364}","1",6.26787103255622
"{1083062}","1",6.26787603255698
"{1102623, 3385320, 3023997, 3385278, 1116485}","1",6.65808065143816
"{1082805, 1225224, 1161674, 4261359, 1204785*, 1126005, 4539888, 4537267, 3020869, 1151437}","1",8.76023377049145
"{1106928}","1",8.7602387704922
"{4990240, 4404716, 3935791, 4262943}","1",8.76024377049296
"{1237287}","1",8.76024877049371
"{3944652}","1",8.76025377049446
"{3952253, 3950972}","1",8.76025877049521
"{1257291, 1257291*, 2327700}","1",9.29367473482186
"{1005431*}","1",9.82773012609954
"{3032740}","1",10.3615171523181
"{3960868}","1",10.3615221523188
"{5367440}","1",10.3615271523196
"{1121533}","1",10.7599656654734
"{2351729}","1",11.1671659931968
"{1077302}","1",11.9859707319576
"{4405229, 1238454, 1229578, 1047341, 1110610, 1205534, 1118616, 3033029}","1",13.0023491184875
"{7350034}","1",13.0023541184882
"{2266418*, 4990446, 1224449*, 4022614*}","1",13.5029354481881
"{3021960}","1",13.9921481890943
"{3027396*}","1",15.2234944619851
"{1228422}","1",16.456997774353
"{4989480}","1",16.4570027743538
"{2374307}","1",16.4570077743545
"{4395804}","1",16.8551424719559
"{1110821}","1",16.8551474719566
"{4543266}","1",17.2715083252251
"{4990529}","1",17.2715133252258
"{1085190}","1",18.2227570781518
"{3532756}","1",19.6509658547498
"{6031199}","1",20.0639908170703
"{7335759}","1",20.0639958170711
"{4541095}","1",20.2151719428668
"{4411390, 1092630, 1150277, 1090908, 1106451, 4407064, 1040965*, 1026325, 1126995, 1239011, 3533232, 4394804, 1213065, 2261520, 3958152, 1102329, 4541774, 4404414, 4538665}","1",20.2151769428675
"{1114742, 4540658}","1",20.2151819428683
"{5332931}","1",20.8078325471995
"{1087876}","2",0
"{3533783}","2",0.190995797298537
"{1203934}","2",4.19984010274009
